-- phpMyAdmin SQL Dump
-- version 3.4.7.1
-- http://www.phpmyadmin.net
--
-- Host: localhost
-- Generation Time: Dec 11, 2011 at 08:17 PM
-- Server version: 5.1.56
-- PHP Version: 5.2.6

SET SQL_MODE="NO_AUTO_VALUE_ON_ZERO";
SET time_zone = "+00:00";


/*!40101 SET @OLD_CHARACTER_SET_CLIENT=@@CHARACTER_SET_CLIENT */;
/*!40101 SET @OLD_CHARACTER_SET_RESULTS=@@CHARACTER_SET_RESULTS */;
/*!40101 SET @OLD_COLLATION_CONNECTION=@@COLLATION_CONNECTION */;
/*!40101 SET NAMES utf8 */;

--
-- Database: `k4448007_nekinurvina`
--

-- --------------------------------------------------------

--
-- Table structure for table `account`
--

CREATE TABLE IF NOT EXISTS `account` (
  `username` varchar(16) NOT NULL,
  `password` varchar(16) NOT NULL,
  `name` varchar(32) DEFAULT NULL,
  `level` enum('Direktur','Wartawan') NOT NULL,
  PRIMARY KEY (`username`)
) ENGINE=InnoDB DEFAULT CHARSET=latin1;

--
-- Dumping data for table `account`
--

INSERT INTO `account` (`username`, `password`, `name`, `level`) VALUES
('admin', 'admin', 'Admin', 'Direktur'),
('user1', 'user', 'Neki Arismi', 'Wartawan'),
('user2', 'user', 'Nurvina Ahdiani', 'Wartawan');

-- --------------------------------------------------------

--
-- Table structure for table `berita`
--

CREATE TABLE IF NOT EXISTS `berita` (
  `idx` int(11) NOT NULL AUTO_INCREMENT,
  `judul` varchar(255) NOT NULL,
  `isi` text NOT NULL,
  `kategori` enum('Hidup Sehat','Umum','Diabetes','Hipertensi') NOT NULL,
  `id_wartawan` varchar(16) NOT NULL,
  `tanggal_tayang_dari` date DEFAULT NULL,
  `tanggal_tayang_sampai` date DEFAULT NULL,
  `status_tayang` enum('0','1','2') DEFAULT '0',
  `gambar` varchar(255) DEFAULT NULL,
  PRIMARY KEY (`idx`,`id_wartawan`),
  KEY `fk_id_wartawan` (`id_wartawan`)
) ENGINE=InnoDB  DEFAULT CHARSET=latin1 AUTO_INCREMENT=52 ;

--
-- Dumping data for table `berita`
--

INSERT INTO `berita` (`idx`, `judul`, `isi`, `kategori`, `id_wartawan`, `tanggal_tayang_dari`, `tanggal_tayang_sampai`, `status_tayang`, `gambar`) VALUES
(1, 'Yang Keliru Soal Diabetes Tapi Masih Dipercaya', '<p>Diabetes bisa menyerang siapa saja tanpa memandang jenis kelamin atau usia. Tapi sayangnya masih ada mitos-mitos yang dipercaya oleh masyarakat mengenai diabetes.<br /><br />Mitos yang berkembang bisa memicu kesalahpahaman mengenai penyakit diabetes. Kondisi ini tidak hanya meningkatkan jumlah penderita diabetes tapi juga membuat hidup penderita diabetes menjadi lebih sulit.<br /><br />Berikut ini 6 mitos seputar diabetes yang masih banyak dipercaya oleh masyarakat, seperti dikutip dari&nbsp;<em>health24</em>, Kamis (24/11/2011) yaitu:<br /><br /><strong>1. Makan terlalu banyak gula bisa menyebabkan diabetes</strong><br />Keyakinan ini merupakan kesalahpahaman yang paling umum di masyarakat, padahal diabetes disebabkan oleh pankreas yang tidak bekerja sebagaimana mestinya.&nbsp;<br /><br />Normalnya pankreas memproduksi hormon insulin yang membantu membawa glukosa ke sel sebagai sumber energi, tapi saat diabetes pankreas berhenti atau kurang memproduksi insulin yang membuat glukosa tidak bisa masuk ke dalam sel.<br /><br />Sebagian besar penyebab diabetes dipengaruhi oleh faktor genetik serta gaya hidup seperti jarang melakukan aktivitas fisik dan pola makan yang buruk. Terlalu banyak mengonsumsi gula memang bisa menjadi pemicu, tapi ia bukan penyebab utama diabetes.<br /><br /><strong>2. Orang dengan diabetes harus mengikuti diet khusus</strong><br />Banyak orang percaya penderita diabetes harus mengonsumsi makanan hambar dan tidak bisa menikmati makanan lezat karena harus diet khusus.&nbsp;<br /><br />Padahal ia bisa melakukan diet sehat yang sama seperti non-diabetes yaitu makan diet seimbang, banyak serat, membatasi gula dan karbohidrat, sedikit garam dan minum cukup air.&nbsp;<br /><br />Tapi sayangnya, banyak orang yang tidak melakukan pola seperti ini, sehingga ketika didiagnosis diabetes ia merasa harus melakukan diet khusus.<br /><br /><strong>3. Orang dengan diabetes tidak bisa mengonsumsi karbohidrat</strong><br />Karbohidrat bukanlah musuh bagi pasien diabetes karena tubuh membutuhkannya agar bisa berfungsi optimal dan menjadi sumber bahan bakar. Namun hal yang harus dipahami adalah memilih jenis karbohidrat yang tepat (nasi merah, roti gandum, sereal tinggi serat) serta porsi yang tidak berlebihan.<br /><br /><strong>4. Orang dengan diabetes harus menghindari buah-buah tertentu</strong><br />Buah-buah tertentu memang ada yang memiliki nilai GI (glucose index) tinggi sehingga cepat menaikkan kadar gula darah (pisang, anggur) yang bisa dikonsumsi saat berolahraga.&nbsp;<br /><br />Serta ada pula yang lambat dicerna karena kadar GI rendah (apel, pir dan golongan berri) yang bisa menjadi cemilan sehat untuk penderita diabetes. Jadi waktu konsumsi buah yang harus diperhatikan.<br /><br /><strong>5. Hanya orang gemuk yang bisa terkena diabetes</strong><br />Banyak orang yang mempercayai kabar ini. Meski kelebihan berat badan dan obesitas bisa meningkatakn risiko diabetes tipe 2, tapi bertubuh kurus tidak menjadi jaminan perlindungan dari diabetes karena ada banyak faktor lain yang berpengaruh seperti riwayat keluarga, usia, etnis dan pola hidup.<br /><br /><strong>6. Penggunaan insulin menunjukkan kondisi diabetes yang buruk</strong><br />Diabetes merupakan penyakit yang membutuhkan manajemen tepat dalam mengelolanya. Seperti halnya dengan diabetes tipe 1 yang mana pankreas tidak memproduksi insulin, maka suntikan injeksi merupakan perawatan yang tepat.&nbsp;<br /><br />Insulin sendiri membantu memperlambat atau mencegah kompliaksi diabetes dan menajdi salah satu obat yang paling aman bagi penderita diabetes.</p>', 'Diabetes', 'admin', '2011-12-10', '2012-01-01', '1', ''),
(2, 'Kurang Minum Air Meningkatkan Gula Darah?', '<p>Kurang mengonsumsi air putih bukan hanya menyebabkan dehidrasi tapi juga kadar gula darah menjadi tinggi. Karena itu selain menjaga pola makan, konsumsi air yang cukup disarankan untuk mencegah kadar gula darah meningkat.</p>\r\n<p>Ketika kadar gula darah di atas normal, tetapi belum terlalu tinggi untuk disebut diabetes, dokter menyebutnya sebgai pra-diabetes. Mereka yang didiagnosis mengalami pra-diabetes beresiko tinggi menjadi diabetes jika kadar gula darahnya tidak dijaga.</p>\r\n<p>Dalam studi terbaru, orang dewasa yang hanya mengonsumsi setengah liter air setiap hari (sekitar dua gelas), cenderung mengalami kenaikan gula darah hingga level pra-diabetes, dibandingkan dengan orang yang minum lebih banyak air.</p>\r\n<p>Walau penelitian ini menemukan kaitan antara asupan air dengan gula darah, tetapi tidak menunjukkan adanya hubungan sebab akibat. Diduga hal ini bisa dijelaskan secara biologi.</p>\r\n<p>Menurut Lise Bankir, peneliti dari French National Research Institute, hormon yang disebut vasopressin, mungkin menjelaskan. Vasopressin, yang disebut juga dengan hormon antidiuretik, membantu mengatur penyimpanan air dalam tubuh.</p>\r\n<p>Saat kita dehidrasi, kadar vasopressin meningkat sehingga ginjal berusaha menghemat persediaan air. Selain itu peningkatan kadar vasopressin ini juga akan meningkatkan kadar gula darah.</p>\r\n<p>Menurut Bankir, di dalam liver terdapat reseptor vasopressin, organ yang bertanggung jawab pada produksi gula darah di tubuh. Sebuah penelitian menunjukkan menyuntikkan vasopressin pada orang sehat akan menyebabkan kadar gula darah meningkat sementara.</p>\r\n<p>Penelitian itu dilakukan terhadap 3.615 orang Perancis berusia 35-65 tahun dan memiliki kadar gula darah normal pada awalnya. Sekitar 19 persen mengatakan mereka hanya minum kurang dari setengah liter air setiap hari, sementara sisanya minum seliter air atau lebih.</p>\r\n<p>Setelah 9 tahun, sebanyak 565 partisipan studi menderita ketidaknormalan kadar gula darah dan 202 orang didiagnosis diabetes tipe 2. Ketika para peneliti mengamati kebiasaan partisipan mengonsumsi air, mereka menemukan orang yang minum air kurang dari setengah liter setiap hari, beresiko 28 persen menderita kenaikan gula darah.</p>\r\n<p>Selama ini belum ada data statistik yang menyebutkan kaitan antara asupan air dengan terjadinya diabetes. Namun, orang yang minum air hanya sedikit pada umumnya menyukai minuman yang mengandung gula sehingga bisa memicu kenaikan berat badan dan gangguan kontrol gula darah.</p>', 'Diabetes', 'user2', '2011-12-09', '2011-12-30', '1', NULL),
(3, 'Berkeringat Adalah Kunci Menurunkan Gula Darah Tinggi', '<p>Kadar gula darah yang tidak terkontrol sudah menjadi masalah banyak orang karena pola makan yang tidak proporsional. Padahal gula darah yang tinggi menyebabkan sindrom metabolik yang meningkatkan risiko obesitas, hipertensi, diabetes dan penyakit jantung.</p>\r\n\r\n<p>Gula darah diperlukan tubuh sebagai sumber energi. Namun jika berlebih maka kemampuan tubuh tidak maksimal mengolah gula darah sehingga gula atau glokosa akan tetap berada dalam darah yang menyebabkan kadar gula tinggi.</p>\r\n\r\nGula di dalam darah menyebabkan pankreas melepaskan insulin (insulin dibutuhkan untuk mengubah gula menjadi energi). Jika kadar gula yang dikonsumsi tinggi maka lebih banyak insulin dilepaskan. Semakin banyak gula di dalam darah maka lebih banyak insulin yang diproduksi. Akibatnya, semakin besar kemungkinan orang akan mengalami kenaikan berat badan.\r\n\r\nSelain menyebabkan obesitas (kegemukan) kadar gula tinggi dikaitkan dengan kondisi kesehatan yang lebih serius, termasuk perubahan suasana hati, penurunan sistem kekebalan dan diabetes.\r\n\r\n"Berkeringat adalah kunci dalam menurunkan gula darah, bahkan olahraga ringan dapat menyebabkan otot untuk menyedot glukosa pada 20 kali tingkat normal," kata B Hatipoglu, MD, seorang ahli endokrinologi di Klinik Cleveland seperti dilansir dari MSNHealth, Minggu (13/11/2011).\r\n\r\nKeringat yang dimaksud adalah dengan menerapkan gaya hidup banyak gerak atau rutin berolahraga. Rajin bergerak dapat membakar kalori dan semakin banyak kalori yang terbakar bisa menurunkan kadar gula darah yang tinggi.\r\n\r\nTidak perlu menyisihkan banyak waktu untuk berolahraga. Olahraga dapat digantikan dengan melakukan aktivitas fisik yang lebih aktif sepanjang hari dengan cara sederhana misalnya dengan menaiki tangga bukan dengan menggunakan lift. Lakukan setidaknya 30 menit latihan fisik setiap hari. \r\n\r\nSelain rajin bergerak cara mengontrol gula darah tetap normal adalah:\r\n\r\nMengurangi jumlah asupan kalori.\r\nMakan dengan porsi kecil setiap 4-5 jam sekali.\r\nPilih makanan tinggi serat, seperti sayuran, buah-buahan, biji-bijian dan kacang-kacangan.\r\nTidur yang cukup\r\nMengontrol berat badan\r\nKurangi lemak pada organ dalam seperti di seputar perut\r\nMinum teh hijau tanpa gula\r\n\r\nPemeriksaan gula darah secara rutin perlu dilakukan oleh siapapun yang memiliki faktor risiko untuk terkena diabetes. Idealnya pemeriksaan dilakukan di laboratorium sebanyak 2 kali yakni setelah berpuasa 8 jam dan sesudah makan. Namun pemeriksaan juga bisa dilakukan sendiri di rumah dengan alat-alat yang banyak dijual, dengan diambil kadar rata-rata.\r\n\r\n<p>Kadar gula darah dikatakan normal jika angkanya 70-99 mg/dL, dengan catatan diukur setelah puasa atau tidak makan selama 8 jam. Kadar gula darah yang diukur 2 jam setelah makan dikatakan normal jika berkisar antara 70-145 mg/dL, sedangkan jika mengabaikan jadwal makan maka rentang normalnya adalah 70-125 mg/	</p>', 'Diabetes', 'user2', '2011-12-09', '2011-12-30', '1', NULL),
(8, 'Anak yang Kekurangan Vitamin D Rentan Diabetes', '<p>Selama ini, kekurangan vitamin D lebih banyak dikaitkan dengan risiko pengeroposan tulang dan sakit jantung. Penelitian terbaru menunjukkan, kekurangan vitamin D juga berhubungan dengan risiko kegemukan dan diabetes atau kencing manis.<br /><br />Penelitian yang dimuat di<em>Journal of Clinical Endocrinology and Metabolism</em>&nbsp;ini mengatakan, anak yang gemuk cenderung kekurangan vitamin D. Sebaliknya, kurang vitamin D juga membuat anak lebih rentan diabetes tipe 2 yang berhubungan dengan kegemukan.<br /><br />Dalam penelitian tersebut, Micah Olson, MD dari Phoenix Children Hospital mengamati 411 anak dengan masalah obesitas lalu membandingkannya dengan 89 anak yang tidak terlalu gemuk. Seluruh partisipan yang terlibat berusia antara 6 hingga 11 tahun.<br /><br />Selain mengukur berat dan tinggi badan, Dr Olson juga melakukan wawancara terkait diet dan pola makan para partisipan. Selain itu, ia juga melakukan tes darah untuk melihat secara pasti kadar vitamin D di dalam darah para partisipan yang diamati.<br /><br />Hasilnya seperti yang diduga, partisipan yang obesitas punya risiko 3 kali lebih besar untuk mengalami kekurangan vitamin D. Demikian juga yang memiliki kadar vitamin D lebih rendah, insulin atau hormon pengatur gula darahnya lebih resisten sehingga lebih rentan diabetes.<br /><br />Ketika dibandingkan dengan diet dan pola makan, Dr Olson kembali melihat adanya hubungan yang erat. Partisipan yang obesitas cenderung tidak pernah sarapan bergizi, namun sepanjang hari banyak ngemil makanan manis dan minum minuman bersoda yang kandungan gulanya sangat tinggi.<br /><br />Dr Olson juga melihat kemungkinan lain dalam kaitannya dengan aktivitas fisik. Dikutip dari&nbsp;<em>Menshealth.com,</em>&nbsp;Selasa (6/12/2011), sinar matahari sangat membantu pembentukan vitamin D sehingga jika anak kurang olahraga di luar maka anak itu cenderung gemuk dan kekurangan vitamin D.</p>', 'Diabetes', 'user1', '2011-12-09', '2011-12-30', '1', NULL),
(40, 'Cara Mudah Tangkal Stres', '<p>Stres memang seringkali mengacaukan pikiran. Bahkan jika terlalu lama terjadi, hal ini bisa menyebabkan kelelahan secara terus menerus, pertambahan berat badan, menurunkan tingkat kekebalan tubuh, dan mengurangi angka harapan hidup. Menyedihkan.<br /><br />Oleh karena itu, kita harus segera menangani stres yang terjadi sesegera mungkin. Inilah beberapa hal yang bisa kita lakukan saat stres datang melanda:</p>\r\n<p><strong><span style="color: #ff0000;">Telat datang ke kantor</span><br /></strong><br /><br /><em>Oops!&nbsp;</em>Karena lupa menyetel alarm, bangun menjadi kesiangan. Kita lantas terburu-buru mandi dan berganti pakaian. Sarapan pun jadi terabaikan. Padahal&nbsp;<strong><a title="Pentingnya Sarapan bagi Tubuh" href="http://www.preventionindonesia.com/article.php?name=/pentingnya-sarapan-bagi-tubuh&amp;channel=pilihan" target="_blank">tidak sarapan</a></strong>&nbsp;akan mengacaukan sistem pencernaan dan tingkat gula darah. Kondisi serba terburu-buru seperti ini sering membuat kita lupa di sana-sini, seperti meninggalkan dompet atau kunci di rumah. Hari pun akan terasa berjalan sangat kacau.<br /><br /><span style="color: #ff6600;"><em><strong>How to relax:</strong></em>&nbsp;</span>Malam sebelumnya, siapkan segala sesuatu yang kita butuhkan untuk keesokan paginya. Letakkan di dekat tas. Pastikan kita duduk manis untuk sarapan. Berikan setidaknya 30 menit untuk menyantapnya.<br /><br /><strong><span style="color: #ff0000;">Berpikir negatif</span><br /></strong><br /><br />Terkadang pikiran negatif bisa membuat dunia kita seakan-akan menjadi sangat buruk dan penuh dengan tekanan. Terlalu banyak hal yang menumpuk di pikiran akan mempersulit kita untuk berpikir jernih.<br /><br /><span style="color: #ff6600;"><em><strong>How to relax:</strong></em></span>&nbsp;Ketika kita mulai melakukan hal ini, perhatikan raut wajah dan cara bernapas. Relaksasikan wajah, tutup mata, dan tarik napas dalam-dalam. Lalu, kembalilah pada kenyataan, buatlah rencana, sekaligus langkah-langkah dan waktu yang dibutuhkan untuk melaksanakannya.<br /><br /><span style="color: #ff0000;"><strong>Rumah berantakan<br /></strong></span><br /><br />Bangun atau berada di dalam rumah yang tak rapi bisa membuat kita merasa sumpek dan lelah. Sebenarnya, hal ini disebabkan oleh pikiran (sadar atau tidak sadar) yang dijejali dengan keinginan untuk membersihkan dan merapikannya.<br /><span style="color: #ff6600;"><em><strong>How to relax</strong></em>:&nbsp;</span>Rapikan rumah segera. Hal ini akan membuat kita lebih tenang dan nyaman. Sikap menunda hanya akan membuat kondisi rumah menjadi semakin berantakan.<a title="http://www.preventionindonesia.com/article.php?name=/lebih-nyaman-dan-betah-di-rumah&amp;channel=health%2Fhealthy_home" href="http://paseban.gramediamajalah.com/ngatimin3/Lebih%20Nyaman%20dan%20Betah%20di%20Rumah" target="_blank">&nbsp;<strong>KLIK</strong></a>&nbsp;untuk tip bebenah rumah yang praktis.<br /><br /><strong><span style="color: #ff0000;">Tidak olahraga</span><br /></strong><br /><br />Terkadang olahraga dan beberapa hal lain bisa membuat kita merasa tertekan. Beberapa kali tidak pergi ke&nbsp;<em>gym</em>kadang membuat kita merasa bersalah dan stres karena tidak bisa menjaga tubuh. Apalagi jika hal ini menyebabkan kita sakit.<br /><span style="color: #ff9900;"><em><strong>How to relax:</strong></em>&nbsp;</span>Temukan waktu dalam sehari di mana kita yakin bisa melakukan olahraga. Walaupun itu berarti meluangkan 20 menit waktu istirahat makan siang untuk sesi latihan. Mereka yang berolahraga 5 kali dalam seminggu memiliki<a title="Langkah Penangkal Flu" href="http://www.preventionindonesia.com/article.php?name=/langkah-penangkal-flu&amp;channel=fitness" target="_blank">&nbsp;<strong>risiko lebih rendah terkena flu</strong></a><strong>.</strong><br /><br /><strong><span style="color: #ff0000;">Kurang tidur</span><br /></strong><br /><br />Seringkali mereka yang stres mencoba untuk menenangkan diri dengan menyesap segelas anggur dan duduk di depan TV sepanjang malam. Alkohol dan&nbsp;<strong><a title="Hati-Hati, Elektronik Insomnia Mengintai" href="http://www.preventionindonesia.com/article.php?name=/hatihati-elektronik-insomnia-mengintai&amp;channel=pilihan" target="_blank">cahaya yang keluar dari layar</a></strong>&nbsp;sebenarnya akan mengganggu kemampuan tubuh untuk beristirahat dan tidur. Dengan melakukan ini, kita pun harus menghadapi beberapa jam memikirkan persoalan yang sedang kita hadapi saat ini.<br /><br /><span style="color: #ff6600;"><em><strong>How to relax:</strong></em>&nbsp;</span>Berhentilah&nbsp;<em>online</em>, matikan televisi, dan ambillah waktu untuk melakukan relaksasi demi menurunkan tensi stres. Kita bisa meluangkan beberapa waktu untuk berendam di air hangat, membaca buku, atau menuliskan perasaan kita melalui tulisan. Habiskan setidaknya 30 menit untuk menyiapkan tubuh rileks sebelum akhirnya tertidur.&nbsp;<strong>(Grace Natali)</strong></p>', 'Hidup Sehat', 'admin', '2011-12-10', '2011-12-30', '1', 'public/image/upload/'),
(43, 'Bahaya! Asap Rokok dalam Mobil', '<p>Mobil pribadi merupakan area privasi yang harus dijaga kebersihannya dengan baik. Namun, apa jadinya jika kita mengangkut anak-anak di dalamnya dan mulut tak henti-hentinya mengeluarkan asap bak lokomotif kereta api? Kita harus mulai waspada!<br /><br />Penelitian yang dilakukan British Medical Association (BMA) menyatakan merokok dalam ruangan kecil dan tertutup 23 kali lebih beracun dibandingkan dalam restoran penuh asap rokok. Asap terperangkap di ruangan tanpa bisa disalurkan ke tempat lain.<br /><br />Hal ini lebih berbahaya bagi anak-anak. Karena sistem imunitas si kecil belum terbentuk dengan baik, maka mereka akan menyerap polusi lebih banyak ke dalam tubuh. Anak-anak menjadi lebih rentan terkena penyakit dan bisa berdampak buruk bagi kesehatannya.</p>\r\n<p>&nbsp;</p>\r\n<p>&ldquo;Di Inggris, setiap tahun ditemukan lebih dari 80 ribu kematian yang diakibatkan oleh rokok. Kasus ini meningkat menjadi 6 juta di dunia. Namun, di balik angka statistik ini, dokter meneliti kasus per individu yang disebabkan oleh karena mereka merokok atau hanya menjadi perokok pasif. Karena alasan inilah dokter berkomitmen untuk mengurangi dampak yang diakibatkan oleh tembakau&rdquo; ungkap Dr Vivienne Nathanson dari BMA.<br /><br />Jika dokter saja memperhatikan hal ini, mengapa kita tidak turut menjaga kesehatan diri serta anak-anak? Mari berhenti merokok dari sekarang untuk kehidupan yang lebih baik.&nbsp;<strong>(Grace Natali)</strong></p>', 'Hidup Sehat', 'admin', '2011-12-10', '2011-12-30', '1', 'public/image/upload/'),
(49, 'Olahraga Pintar Pembasmi Stres', '<p><strong>Lemaskan otot-otot yang tegang dan pikiran yang membeludak lewat nikmatnya&nbsp;<em>tai chi</em>.</strong></p>\r\n<p>Olahraga asal negeri tirai bambu ini seringkali diidentikkan sebagai olahraga orang tua. Sebabnya,&nbsp;<em>tai chi&nbsp;</em>diwarnai dengan berbagai kombinasi gerakan lambat dan posisi yang cenderung stabil. Namun, siapa sangka justru olahraga ini bisa menjadi sahabat di kala stres.<br /><br />Hal ini diungkapkan dalam 2 studi yang dipublikasikan dalam 2 jurnal,&nbsp;<em>British Journal Sports Medicine</em>&nbsp;dan&nbsp;<em>Journal of American College Health</em>. Keduanya menyimpulkan rangkaian gerakan dalam&nbsp;<em>tai chi</em>&nbsp;yang menyebabkan efek relaksasi itu terjadi.<br /><br /><em>Tai chi</em>&nbsp;merupakan olahraga yang biasanya dilakukan dalam posisi berdiri. Saat berlatih, kita berulang kali menggerakkan badan, melibatkan otot-otot yang ada di bagian atas dan bawah tubuh. Hal ini dilakukan selaras dengan irama napas.<br /><br />Pergesaran tubuh yang lambat dan mengalir inilah yang membuat otot menjadi rileks dan pikiran tenang. Di sisi lain, pergerakan ini juga meningkatkan keseimbangan, kekuatan, dan fleksibilitas tubuh.<br /><br />Untuk mendapatkan hasil yang maksimal, berlatihlah tai chi setiap pagi selama 20 menit. Selain mengurangi stres, kita juga bisa menjadi&nbsp;<a title="Olahraga Kuno untuk Awet Muda" href="http://preventionindonesia.com/article.php?name=/olahraga-kuno-untuk-awet-muda&amp;channel=fitness%2Fcardio" target="_blank">lebih muda</a>&nbsp;berkat olahraga dari Cina ini.&nbsp;(Grace Natali)</p>', 'Umum', 'admin', '2011-12-10', '2011-12-14', '1', ''),
(50, 'Mari Jadi Green Traveler', '<p>Jika ditanyakan soal destinasi utama untuk menghabiskan liburan, mungkin kita akan menyebutkan beberapa tempat seperti Bali, Lombok, Singapura, Malaysia, Jepang, atau bahkan Perancis. Padahal, di Indonesia sendiri masih banyak tempat-tempat wisata yang belum banyak diekspos.<br /><br />Dalam bukunya,&nbsp;<em>The Green Traveler</em>&nbsp;yang diluncurkan 30 November 2011 di Plaza Senayan, Jakarta, Wiwik Mahdayani ingin menceritakan keindahan 18 tempat wisata di Indonesia. Sebut saja Nias, kampong Gayo, suaka gunung Leuser, serta daerah Wae Rebo di Flores.<br />Namun, keindahan tempat-tempat tersebut tidak dituturkan begitu saja oleh Wiwik. Lulusan&nbsp;<em>Tourism Destination Management</em>&nbsp;Universitas Bordeaux, Perancis ini turut mengajak pembacanya menjadi seorang&nbsp;<em>green traveler</em>.<br /><br />Menjadi seorang&nbsp;<em>green traveler</em>&nbsp;ternyata tak sesulit yang kita bayangkan. Tak perlu membawa tas ransel besar dan melakukan perjalanan sulit untuk menikmati alam. Istilah ini sebenarnya mengacu pada perjalanan yang selain mejaga kelestarian alam serta budaya tempat tersebut namum juga memberi manfaat bagi masyarakat sekitar. Jadi, selain mendapatkan kenikmatan berekreasi, kita juga memberi sumbangsih untuk kemajuan daerah tersebut.</p>\r\n<p>Buku ini cocok untuk dijadikan panduan wisata bagi kita yang ingin datang ke 18 spot wisata tersebut. Karena selain disuguhi foto-foto dan cerita menarik mengenai lokasi-lokasi tersebut,&nbsp;<em>The Green Traveler</em>&nbsp;juga dilengkapi dengan informasi praktis serta pengetahuan mengenai tempat wisata ini. Jadi, tidak ada kata bengong dan bingung karena kurang paham mengenai tempat-tempat tersebut.<br /><br />Jadi tunggu apalagi? Segera berkemas dan bergabunglah menjadi pasukan&nbsp;<em>green traveler</em>&nbsp;Indonesia.&nbsp;<strong>(Grace Natali)</strong></p>', 'Umum', 'admin', '2011-12-11', '2011-12-30', '1', ''),
(51, 'Kiwi Turunkan Hipertensi', '<p>Meski pada umumnya tekanan darah tinggi atau hipertensi tidak bergejala, namun bukan berarti kondisi ini tidak berbahaya. Jika tidak dirawat, tekanan darah tinggi yang berlebihan bisa merusak banyak organ dan jaringan.&nbsp;<br /><br />Salah satu upaya untuk menurunkan tekanan darah tinggi adalah mengonsumsi variasi makanan dengan kombinasi berbagai gizi yang tepat. Hasil penelitian yang disampaikan dalam pertemuan American Heart Association di Orlando, Amerika Serikat, disebutkan konsumsi kiwi tiga kali dalam sehari cukup efektif menurunkan hipertensi.<br /><br />Penelitian dilakukan oleh Mette Svendsen dari Oslo University Hospital, Norwegia, selama 8 minggu terhadap 118 orang berusia 55 tahun dan menderita hipertensi sedang.&nbsp;<br /><br />Para responden dibagi ke dalam dua kelompok, pertama adalah yang mengonsumsi tiga buah kiwi setiap hari dan sisanya mengonsumsi makanan yang mengandung apel satu kali dalam sehari.&nbsp;<br /><br />Setelah 8 minggu, para peneliti menemukan nilai tekanan sistolik (angka tekanan darah sebelah atas) para partisipan lebih rendah 3,6 milimeter dibanding dengan partisipan yang mengonsumsi apel.&nbsp;<br /><br />Walau kelompok pemakan kiwi memiliki tekanan darah lebih rendah, namun para peneliti belum mengetahui apakah penyebab utamanya. Hal ini baru bisa dikonfirmasi dengan penelitian yang lebih luas.</p>', 'Hipertensi', 'admin', '2011-12-11', '2011-12-14', '1', 'uploads/kiwi.jpg');

-- --------------------------------------------------------

--
-- Table structure for table `komentar`
--

CREATE TABLE IF NOT EXISTS `komentar` (
  `idx` int(11) NOT NULL AUTO_INCREMENT,
  `nama` varchar(16) NOT NULL,
  `email` varchar(32) NOT NULL,
  `website` varchar(64) DEFAULT NULL,
  `komentar` text NOT NULL,
  `id_berita` int(11) NOT NULL,
  PRIMARY KEY (`idx`,`id_berita`),
  KEY `komentar_id_berita` (`id_berita`)
) ENGINE=InnoDB  DEFAULT CHARSET=latin1 AUTO_INCREMENT=143 ;

--
-- Dumping data for table `komentar`
--

INSERT INTO `komentar` (`idx`, `nama`, `email`, `website`, `komentar`, `id_berita`) VALUES
(1, 'Neki Arismi', 'neki@neki.com', 'belajarbersama-neki.blogspot.com', 'nice ^^b', 1),
(2, 'Nurvina Ahdiani', 'vina@vina.com', 'belajarbersama-neki.blogspot.com', 'nice ^^b', 1),
(139, 'gilang', '', '', 'test test ^^v', 3),
(140, 'tiwi', '', '', 'love kiwiiiiii', 51),
(141, 'ANDRY', 'andry@and-inside.com', 'http://and-inside.com', 'mantap', 2),
(142, 'topan', 'topanpakketu@gmail.com', 'topan.com', 'I hate ciggarette', 43);

--
-- Constraints for dumped tables
--

--
-- Constraints for table `berita`
--
ALTER TABLE `berita`
  ADD CONSTRAINT `fk_id_wartawan` FOREIGN KEY (`id_wartawan`) REFERENCES `account` (`username`) ON UPDATE CASCADE;

--
-- Constraints for table `komentar`
--
ALTER TABLE `komentar`
  ADD CONSTRAINT `komentar_id_berita` FOREIGN KEY (`id_berita`) REFERENCES `berita` (`idx`) ON DELETE CASCADE ON UPDATE CASCADE;

/*!40101 SET CHARACTER_SET_CLIENT=@OLD_CHARACTER_SET_CLIENT */;
/*!40101 SET CHARACTER_SET_RESULTS=@OLD_CHARACTER_SET_RESULTS */;
/*!40101 SET COLLATION_CONNECTION=@OLD_COLLATION_CONNECTION */;
